Step,Average Reward
0,-60.08396000000003
1000,-171.05266000000012
2000,-112.84044000000003
3000,-170.1703400000001
4000,-156.82944000000003
5000,-133.9105600000001
6000,-79.44842000000008
7000,-110.11590000000004
8000,-55.081900000000054
9000,-118.89762000000003
10000,-85.66410000000003
11000,-45.47118000000013
12000,-77.1523399999998
13000,-65.31530000000001
14000,-79.11282000000031
15000,-119.40228000000022
16000,-106.2571800000001
17000,-75.0972600000001
18000,-82.10326000000009
19000,-29.74168000000001
20000,-40.139360000000025
21000,-55.70374000000013
22000,-48.997900000000115
23000,-79.39598000000011
24000,-61.671520000000136
25000,-59.12748000000001
26000,-60.86586000000003
27000,-75.9520000000001
28000,-50.0
29000,-50.0
30000,-73.27032000000011
31000,-50.0
32000,-50.0
33000,-50.0
34000,-50.0
35000,-50.0
36000,-50.0
37000,-50.0
38000,-50.0
39000,-50.0
40000,-50.0
41000,-50.0
42000,-50.0
43000,-50.0
44000,-50.0
45000,-50.0
46000,-50.0
47000,-50.0
48000,-50.0
49000,-50.0
50000,-50.0
51000,-50.0
52000,-50.0
53000,-50.0
54000,-50.0
55000,-50.0
56000,-50.0
57000,-50.0
58000,-50.0
59000,-50.0
60000,-50.0
61000,-50.0
62000,-50.0
63000,-50.0
64000,-50.0
65000,-50.0
66000,-50.0
67000,-50.0
68000,-50.0
69000,-50.0
70000,-50.0
71000,-50.0
72000,-50.0
73000,-50.0
74000,-50.0
75000,-50.0
76000,-50.0
77000,-50.0
78000,-50.0
79000,-50.0
80000,-50.0
81000,-50.0
82000,-50.0
83000,-50.0
84000,-50.0
85000,-50.0
86000,-50.0
87000,-50.0
88000,-50.0
89000,-50.0
90000,-50.0
91000,-50.0
92000,-50.0
93000,-50.0
94000,-50.0
95000,-50.0
96000,-50.0
97000,-50.0
98000,-50.0
99000,-50.0
